{
  "u_scale": 0.05189275751077268,
  "v_scale": 0.04266390257230393,
  "global_scale": 0.04613544757164908,
  "effective_u_scale": 0.0023940955934865517,
  "effective_v_scale": 0.0019683182403264724,
  "piv_reference": {
    "u_mean": 0.0009522917332820907,
    "v_mean": 0.0010208706917755573,
    "mag_mean": 0.0017557295927890962,
    "mag_std": 0.0017365686150973437,
    "mass_flow_rate": 1.4668128210595918e-06,
    "n_points": 2602
  }
}